<?xml version="1.0"?>
<ParagonData xmlns:xsd="http://www.w3.org/2001/XMLSchema" xmlns:xsi="http://www.w3.org/2001/XMLSchema-instance">
  <PBasicFilename>PlanIt_D0003.PBas</PBasicFilename>
  <PlanId>62168_D0003</PlanId>
  <ObjectSequence ObjectType="CALL">
    <Object>
      <Value KeywordName="ID">CABBEEN9</Value>
      <Value KeywordName="Name">Abbeyview Waltham</Value>
      <Value KeywordName="MEASURE1">16</Value>
      <Value KeywordName="MEASURE2">0</Value>
      <Value KeywordName="MEASURE3">16</Value>
      <Value KeywordName="MEASURE4">0</Value>
      <Value KeywordName="MEASURE5">0</Value>
      <Value KeywordName="EARRTIME">10:45</Value>
      <Value KeywordName="EARRDAY">6</Value>
      <Value KeywordName="LARRTIME">13:00</Value>
      <Value KeywordName="LARRDAY">6</Value>
      <Value KeywordName="TIMESLOTID">2345</Value>
      <Value KeywordName="DEPOTID">D0003</Value>
      <Value KeywordName="PAIR" />
      <Value KeywordName="ORDDETS1">Southern</Value>
      <Value KeywordName="ORDDETS2" />
      <Value KeywordName="ORDDETS3" />
      <Value KeywordName="ORDDETS4" />
      <Value KeywordName="NDATA01">0</Value>
      <Value KeywordName="NDATA02">0</Value>
      <Value KeywordName="NDATA03">0</Value>
      <Value KeywordName="NDATA04">0</Value>
      <Value KeywordName="NDATA05">0</Value>
      <Value KeywordName="NDATA06">0</Value>
      <Value KeywordName="NDATA07">0</Value>
      <Value KeywordName="NDATA08">0</Value>
      <Value KeywordName="NDATA09">0</Value>
      <Value KeywordName="NDATA10">0</Value>
      <Value KeywordName="NDATA11">0</Value>
      <Value KeywordName="NDATA12">0</Value>
      <Value KeywordName="NDATA13">16</Value>
      <Value KeywordName="NDATA14">0</Value>
      <Value KeywordName="NDATA15">0</Value>
      <Value KeywordName="NDATA16">0</Value>
      <Value KeywordName="NDATA17">0</Value>
      <Value KeywordName="NDATA18">0</Value>
      <Value KeywordName="NDATA19">0</Value>
      <Value KeywordName="NDATA20">0</Value>
      <Value KeywordName="NDATA21">0</Value>
      <Value KeywordName="NDATA22">0</Value>
      <Value KeywordName="NDATA23">0</Value>
      <Value KeywordName="NDATA24">0</Value>
      <Value KeywordName="NDATA25">0</Value>
      <Value KeywordName="NDATA26">0</Value>
      <Value KeywordName="NDATA27">0</Value>
      <Value KeywordName="NDATA28">0</Value>
      <Value KeywordName="NDATA29">0</Value>
      <Value KeywordName="NDATA30">0</Value>
      <Value KeywordName="NDATA31">0</Value>
      <Value KeywordName="NDATA32">0</Value>
      <Value KeywordName="NDATA33">0</Value>
      <Value KeywordName="NDATA34">0</Value>
      <Value KeywordName="NDATA35">0</Value>
      <Value KeywordName="NDATA36">0</Value>
      <Value KeywordName="NDATA37">0</Value>
      <Value KeywordName="NDATA38">0</Value>
      <Value KeywordName="NDATA39">0</Value>
      <Value KeywordName="NDATA40">0</Value>
      <Value KeywordName="NDATA41">0</Value>
      <Value KeywordName="NDATA42">0</Value>
      <Value KeywordName="NDATA43">0</Value>
      <Value KeywordName="NDATA44">0</Value>
      <Value KeywordName="NDATA45">0</Value>
      <Value KeywordName="NDATA46">0</Value>
      <Value KeywordName="NDATA47">0</Value>
      <Value KeywordName="NDATA48">1</Value>
      <Value KeywordName="NDATA49">0</Value>
      <Value KeywordName="NDATA50">0</Value>
      <Value KeywordName="TDATA01">11:00 22/07/2024</Value>
      <Value KeywordName="TDATA02"></Value>
      <Value KeywordName="TDATA03" />
      <Value KeywordName="TDATA04">CABBEEN9</Value>
      <Value KeywordName="TDATA05" />
      <Value KeywordName="TDATA06" />
      <Value KeywordName="TDATA07">2024-07-22T10:00:00</Value>
      <Value KeywordName="TDATA08">2024-07-22T12:00:00</Value>
      <Value KeywordName="TDATA09">2024-07-22</Value>
      <Value KeywordName="TYPE">C</Value>
      <Value KeywordName="LDRTIME">16:30</Value>
      <Value KeywordName="EDRDAY">6</Value>
      <Value KeywordName="LDRDAY">6</Value>
      <Value KeywordName="EDRTIME">00:01</Value>
      <Value KeywordName="LOADUNLOADSEC">1536</Value>
      <Value KeywordName="TRAILACC">00000000000000000110000000000000100000000000000000000000000000000000000000000000000000001000000100000000000100010010000000000000000000000000000000</Value>
      <Value KeywordName="FIXEDTIMESEC">848</Value>
      <Value KeywordName="LocationPlaceId" />
      <Value KeywordName="DepotPlaceId">ej97pe</Value>
      <Value KeywordName="TDATA02PlaceId">CABBEEN9/C/11:00 11/09/2024</Value>
      <Value KeywordName="TDATA04PlaceId" />
      <Value KeywordName="TDATA05PlaceId" />
    </Object>
  </ObjectSequence>
</ParagonData>