<?xml version="1.0"?>
<ParagonData xmlns:xsd="http://www.w3.org/2001/XMLSchema" xmlns:xsi="http://www.w3.org/2001/XMLSchema-instance">
  <PBasicFilename>PlanIt_D0003.PBas</PBasicFilename>
  <PlanId>180924_D0009</PlanId>
  <ObjectSequence ObjectType="CALL">
	  <Object>
		  <Value KeywordName="ID">D0009</Value>
		  <Value KeywordName="Name">Greenford DC</Value>
		  <Value KeywordName="MEASURE1">54</Value>
		  <Value KeywordName="MEASURE2">0</Value>
		  <Value KeywordName="MEASURE3">54</Value>
		  <Value KeywordName="MEASURE4">0</Value>
		  <Value KeywordName="MEASURE5">0</Value>
		  <Value KeywordName="EARRTIME">16:30</Value>
		  <Value KeywordName="EARRDAY">3</Value>
		  <Value KeywordName="LARRTIME">17:30</Value>
		  <Value KeywordName="LARRDAY">3</Value>
		  <Value KeywordName="TIMESLOTID">98765</Value>
		  <Value KeywordName="DEPOTID">D0006</Value>
		  <Value KeywordName="PAIR">99066</Value>
		  <Value KeywordName="ORDDETS1">Northern</Value>
		  <Value KeywordName="ORDDETS2"/>
		  <Value KeywordName="ORDDETS3"/>
		  <Value KeywordName="ORDDETS4"/>
		  <Value KeywordName="NDATA01">0</Value>
		  <Value KeywordName="NDATA02">0</Value>
		  <Value KeywordName="NDATA03">0</Value>
		  <Value KeywordName="NDATA04">0</Value>
		  <Value KeywordName="NDATA05">0</Value>
		  <Value KeywordName="NDATA06">0</Value>
		  <Value KeywordName="NDATA07">0</Value>
		  <Value KeywordName="NDATA08">0</Value>
		  <Value KeywordName="NDATA09">0</Value>
		  <Value KeywordName="NDATA10">0</Value>
		  <Value KeywordName="NDATA11">0</Value>
		  <Value KeywordName="NDATA12">0</Value>
		  <Value KeywordName="NDATA13">0</Value>
		  <Value KeywordName="NDATA14">54</Value>
		  <Value KeywordName="NDATA15">0</Value>
		  <Value KeywordName="NDATA16">0</Value>
		  <Value KeywordName="NDATA17">0</Value>
		  <Value KeywordName="NDATA18">0</Value>
		  <Value KeywordName="NDATA19">0</Value>
		  <Value KeywordName="NDATA20">0</Value>
		  <Value KeywordName="NDATA21">0</Value>
		  <Value KeywordName="NDATA22">0</Value>
		  <Value KeywordName="NDATA23">0</Value>
		  <Value KeywordName="NDATA24">0</Value>
		  <Value KeywordName="NDATA25">0</Value>
		  <Value KeywordName="NDATA26">0</Value>
		  <Value KeywordName="NDATA27">0</Value>
		  <Value KeywordName="NDATA28">0</Value>
		  <Value KeywordName="NDATA29">0</Value>
		  <Value KeywordName="NDATA30">0</Value>
		  <Value KeywordName="NDATA31">0</Value>
		  <Value KeywordName="NDATA32">0</Value>
		  <Value KeywordName="NDATA33">0</Value>
		  <Value KeywordName="NDATA34">0</Value>
		  <Value KeywordName="NDATA35">0</Value>
		  <Value KeywordName="NDATA36">0</Value>
		  <Value KeywordName="NDATA37">0</Value>
		  <Value KeywordName="NDATA38">0</Value>
		  <Value KeywordName="NDATA39">0</Value>
		  <Value KeywordName="NDATA40">0</Value>
		  <Value KeywordName="NDATA41">0</Value>
		  <Value KeywordName="NDATA42">0</Value>
		  <Value KeywordName="NDATA43">0</Value>
		  <Value KeywordName="NDATA44">0</Value>
		  <Value KeywordName="NDATA45">0</Value>
		  <Value KeywordName="NDATA46">0</Value>
		  <Value KeywordName="NDATA47">0</Value>
		  <Value KeywordName="NDATA48">1</Value>
		  <Value KeywordName="NDATA49">2</Value>
		  <Value KeywordName="NDATA50">11</Value>
		  <Value KeywordName="TDATA01">17:30 18/09/2023</Value>
		  <Value KeywordName="TDATA02">D0009/TD/17:31 18/09/2023</Value>
		  <Value KeywordName="TDATA03"/>
		  <Value KeywordName="TDATA04">D0009</Value>
		  <Value KeywordName="TDATA05"/>
		  <Value KeywordName="TDATA06"/>
		  <Value KeywordName="TDATA07">2023-05-23T16:00:00</Value>
		  <Value KeywordName="TDATA08">2023-05-23T18:00:00</Value>
		  <Value KeywordName="TDATA09">2023-05-23</Value>
		  <Value KeywordName="TYPE">TD</Value>
		  <Value KeywordName="LDRTIME">23:59</Value>
		  <Value KeywordName="EDRDAY">3</Value>
		  <Value KeywordName="LDRDAY">4</Value>
		  <Value KeywordName="EDRTIME">00:01</Value>
		  <Value KeywordName="LOADUNLOADSEC">3170</Value>
		  <Value KeywordName="TRAILACC">00000000000000000110000000000000100000000000000000000000000000000000000000000000000000001000000100000000000100010010000000000000000000000000000000</Value>
		  <Value KeywordName="FIXEDTIMESEC">848</Value>
		  <Value KeywordName="LocationPlaceId">ebn58z</Value>
		  <Value KeywordName="DepotPlaceId">qfri4a</Value>
		  <Value KeywordName="TDATA02PlaceId">ebn58z/TD/17:30 22/05/2023</Value>
		  <Value KeywordName="TDATA04PlaceId">ebn58z</Value>
		  <Value KeywordName="TDATA05PlaceId">ebn58z</Value>
	  </Object>
  </ObjectSequence>
</ParagonData>